Distribution,Function,Training,Inference,AUC,JS-Divergence,MSE,Correlation
Diastolic,HDE,,17137.0530128479,0.999989926815033,,,
Diastolic,SciPyKDE,,14031.404972076416,0.9999899864196777,,,
Diastolic,DPR-tKDE(3),1151.4863967895508,68.05109977722168,0.9901524782180786,0.012551302090287209,3.1234314755182236e-06,0.9903316497802734
Diastolic,DPR-tHDE(3),18233.311891555786,69.52309608459473,0.9823497533798218,0.014548550359904766,3.396385750152457e-06,0.9891172647476196
Diastolic,DPR-tKDE(4),1237.6699447631836,71.07686996459961,0.9942312240600586,0.007969370111823082,1.6589462074290683e-06,0.9945469498634338
Diastolic,DPR-tHDE(4),18200.46329498291,70.281982421875,0.988610029220581,0.009058898314833641,2.6852430441253677e-06,0.990075945854187
Diastolic,DPR-tKDE(5),1277.1971225738525,69.7488784790039,0.9983242750167847,0.012741582468152046,1.3158538272180982e-06,0.9954328536987305
Diastolic,DPR-tHDE(5),18229.667901992798,71.13766670227051,0.9898749589920044,0.009150205180048943,2.434473716199683e-06,0.9910027980804443
