Distribution,Function,Training,Inference,AUC,JS-Divergence,MSE,Correlation
Diastolic,HDE,,17118.200063705444,0.999989926815033,,,
Diastolic,SciPyKDE,,14078.477144241333,0.9999899864196777,,,
Diastolic,DPR-KDE (O=3),1344.3198204040527,83.99176597595215,0.9901524782180786,0.012551302090287209,3.1234314755184028e-06,0.9903316497802734
Diastolic,DPR-HDE (O=3),18161.053895950317,80.60908317565918,0.9823497533798218,0.014548550359904766,3.3963857501526065e-06,0.9891172647476196
Diastolic,DPR-KDE (O=4),1389.6541595458984,80.48009872436523,0.9942312240600586,0.007969370111823082,1.6589462074291947e-06,0.9945469498634338
Diastolic,DPR-HDE (O=4),18203.327894210815,84.1977596282959,0.988610029220581,0.009058898314833641,2.685243044125421e-06,0.990075945854187
Diastolic,DPR-KDE (O=5),1323.1570720672607,107.43236541748047,0.9983242750167847,0.012741582468152046,1.3158538272181835e-06,0.9954328536987305
Diastolic,DPR-HDE (O=5),18351.57299041748,77.42905616760254,0.9898749589920044,0.009150205180048943,2.4344737161997372e-06,0.9910027980804443
