Distribution,Function,Training,Inference,AUC,JS-Divergence,MSE,Correlation
Systolic,HDE,,17118.67070198059,0.9999960660934448,,,
Systolic,SciPyKDE,,15207.128047943115,0.9999959468841553,,,
Systolic,DPR-KDE (O=3),1163.332223892212,75.44708251953125,0.991804838180542,0.009624157100915909,8.538605685349733e-07,0.9931454658508301
Systolic,DPR-HDE (O=3),18228.73330116272,80.10506629943848,0.9868168234825134,0.011653508991003036,9.2432666168839e-07,0.9921859502792358
Systolic,DPR-KDE (O=4),1252.979040145874,106.46200180053711,0.9973555207252502,0.005473275203257799,5.658105285684379e-07,0.995050847530365
Systolic,DPR-HDE (O=4),18302.727222442627,75.12426376342773,0.9878442883491516,0.010056586004793644,8.015350102072848e-07,0.9926008582115173
Systolic,DPR-KDE (O=5),1261.7619037628174,95.78514099121094,5.050975799560547,0.2728961706161499,0.0004260484284847089,
Systolic,DPR-HDE (O=5),18314.293146133423,75.95300674438477,0.9837626814842224,0.009573877789080143,4.4005775491789825e-07,0.9959942102432251
